
INSERT INTO PERFIL(PERFIL,DESCRIPCION) VALUES('PORTAL_BASICUSER'               ,'PORTAL_BASICUSER'              );
INSERT INTO PERFIL(PERFIL,DESCRIPCION) VALUES('PORTAL_ADMINISTRATOR'           ,'PORTAL_ADMINISTRATOR'          );
INSERT INTO PERFIL(PERFIL,DESCRIPCION) VALUES('OPERATION_ADMINISTRATOR'        ,'OPERATION_ADMINISTRATOR'       );
INSERT INTO PERFIL(PERFIL,DESCRIPCION) VALUES('DESIGN_ADMINISTRATOR'           ,'DESIGN_ADMINISTRATOR'          );
INSERT INTO PERFIL(PERFIL,DESCRIPCION) VALUES('PLANNING_ADMINISTRATOR'         ,'PLANNING_ADMINISTRATOR'        );
INSERT INTO PERFIL(PERFIL,DESCRIPCION) VALUES('EVALUATION_ADMINISTRATOR'       ,'EVALUATION_ADMINISTRATOR'      );
INSERT INTO PERFIL(PERFIL,DESCRIPCION) VALUES('ONBOARD_STD_ADMINISTRATOR'      ,'ONBOARD_STD_ADMINISTRATOR'     );
INSERT INTO PERFIL(PERFIL,DESCRIPCION) VALUES('FLIGHT_ATTENDANT_ADMINISTRATOR' ,'FLIGHT_ATTENDANT_ADMINISTRATOR');
INSERT INTO PERFIL(PERFIL,DESCRIPCION) VALUES('SUPPLIER'                       ,'SUPPLIER_CONTACT'              );

INSERT INTO PERFIL(PERFIL,DESCRIPCION) VALUES('ROOT'                           ,'SUEPER_ADMINISTRATOR'          );

INSERT INTO USUARIO(EMAIL_USUARIO               ,CONTRASENIA                                                       ,FECHA_CREACION     ,NOMBRE         ,APELLIDO_PATERNO,APELLIDO_MATERNO,ESTATUS) 
             VALUES('alfredo.estrada@gonet.us'  ,'OldFoF+H3e4dtoshfcBDv6IG0ceqod0KfddrhSpzNZc='                    ,CURRENT_TIMESTAMP  ,'ALFREDO'      ,'ESTRADA'       ,'GONZALEZ'      ,1      );			 
-- alfredo.estrada@gonet.us / qwerty123456
INSERT INTO PERFIL_USUARIO(PERFIL,EMAIL_USUARIO) VALUES('PORTAL_BASICUSER'       ,'alfredo.estrada@gonet.us');
INSERT INTO PERFIL_USUARIO(PERFIL,EMAIL_USUARIO) VALUES('PORTAL_ADMINISTRATOR'   ,'alfredo.estrada@gonet.us');
INSERT INTO PERFIL_USUARIO(PERFIL,EMAIL_USUARIO) VALUES('OPERATION_ADMINISTRATOR','alfredo.estrada@gonet.us');
INSERT INTO PERFIL_USUARIO(PERFIL,EMAIL_USUARIO) VALUES('DESIGN_ADMINISTRATOR'   ,'alfredo.estrada@gonet.us');

INSERT INTO USUARIO(EMAIL_USUARIO               ,CONTRASENIA                                                       ,FECHA_CREACION     ,NOMBRE         ,APELLIDO_PATERNO,APELLIDO_MATERNO,ESTATUS) 
             VALUES('mirna.arellano@gonet.us'  ,'OldFoF+H3e4dtoshfcBDv6IG0ceqod0KfddrhSpzNZc='                     ,CURRENT_TIMESTAMP  ,'MIRNA IVETTE'  ,'ARELLANO'      ,'GARCIA'        ,1      );
-- mirna.arellano@gonet.us / qwerty123456
INSERT INTO PERFIL_USUARIO(PERFIL,EMAIL_USUARIO) VALUES('PORTAL_BASICUSER'       ,'mirna.arellano@gonet.us');
INSERT INTO PERFIL_USUARIO(PERFIL,EMAIL_USUARIO) VALUES('PORTAL_ADMINISTRATOR'   ,'mirna.arellano@gonet.us');
INSERT INTO PERFIL_USUARIO(PERFIL,EMAIL_USUARIO) VALUES('OPERATION_ADMINISTRATOR','mirna.arellano@gonet.us');
INSERT INTO PERFIL_USUARIO(PERFIL,EMAIL_USUARIO) VALUES('DESIGN_ADMINISTRATOR'   ,'mirna.arellano@gonet.us');

SELECT PERFIL,'Roles' FROM PERFIL_USUARIO WHERE EMAIL_USUARIO='alfredo.estrada@gonet.us';

SELECT U.EMAIL_USUARIO,U.APELLIDO_PATERNO,U.APELLIDO_MATERNO,U.NOMBRE,PU.PERFIL
FROM   USUARIO U,PERFIL_USUARIO PU
WHERE  U.EMAIL_USUARIO = PU.EMAIL_USUARIO
ORDER BY U.APELLIDO_PATERNO,U.APELLIDO_MATERNO,U.NOMBRE;
